GAME_ID,EVENTNUM,EVENTMSGTYPE,EVENTMSGACTIONTYPE,PERIOD,WCTIMESTRING,PCTIMESTRING,HOMEDESCRIPTION,NEUTRALDESCRIPTION,VISITORDESCRIPTION,SCORE,SCOREMARGIN,AWAY_SCORE,HOME_SCORE,HOME_WIN
0022400097,7,1,75,1,3:46 PM,11:43,Haliburton 5' Driving Finger Roll Layup (2 PTS) (Turner 1 AST),,,0 - 2,2,0,2,0
0022400097,18,1,41,1,3:47 PM,10:40,Siakam 3' Running Layup (2 PTS),,,0 - 4,4,0,4,0
0022400097,21,1,6,1,3:48 PM,10:06,Haliburton 5' Driving Layup (4 PTS) (Siakam 1 AST),,,0 - 6,6,0,6,0
0022400097,23,1,6,1,3:48 PM,9:58,,,C. Martin 5' Driving Layup (2 PTS),2 - 6,4,2,6,0
0022400097,29,3,16,1,3:49 PM,9:43,,,Maxey Free Throw Technical (1 PTS),3 - 6,3,3,6,0
0022400097,49,1,1,1,3:51 PM,8:07,,,Lowry 25' 3PT Jump Shot (3 PTS) (Maxey 1 AST),6 - 6,TIE,6,6,0
0022400097,56,1,1,1,3:52 PM,7:20,Nembhard 26' 3PT Jump Shot (3 PTS) (Siakam 2 AST),,,6 - 9,3,6,9,0
0022400097,68,1,7,1,3:56 PM,6:37,Turner 3' Dunk (2 PTS) (Nesmith 1 AST),,,6 - 11,5,6,11,0
0022400097,70,1,6,1,3:57 PM,6:17,,,C. Martin 4' Driving Layup (4 PTS) (Drummond 1 AST),8 - 11,3,8,11,0
0022400097,87,1,87,1,3:58 PM,5:32,,,Drummond 2' Putback Dunk (2 PTS),10 - 11,1,10,11,0
0022400097,88,1,101,1,3:59 PM,5:19,Toppin 9' Driving Floating Jump Shot (2 PTS),,,10 - 13,3,10,13,0
0022400097,97,3,10,1,4:00 PM,5:19,Toppin Free Throw 1 of 1 (3 PTS),,,10 - 14,4,10,14,0
0022400097,102,1,1,1,4:00 PM,4:57,,,Gordon 25' 3PT Jump Shot (3 PTS) (Maxey 2 AST),13 - 14,1,13,14,0
0022400097,106,1,41,1,4:00 PM,4:41,,,Oubre Jr. 3' Running Layup (2 PTS) (Gordon 1 AST),15 - 14,-1,15,14,0
0022400097,111,3,10,1,4:01 PM,4:41,,,Oubre Jr. Free Throw 1 of 1 (3 PTS),16 - 14,-2,16,14,0
0022400097,114,1,98,1,4:01 PM,4:12,,,Gordon 2' Cutting Layup Shot (5 PTS) (K. Martin 1 AST),18 - 14,-4,18,14,0
0022400097,116,1,7,1,4:02 PM,4:04,I. Jackson 1' Dunk (2 PTS) (McConnell 1 AST),,,18 - 16,-2,18,16,0
0022400097,124,3,11,1,4:03 PM,3:28,,,Gordon Free Throw 1 of 2 (6 PTS),19 - 16,-3,19,16,0
0022400097,125,3,12,1,4:03 PM,3:28,,,Gordon Free Throw 2 of 2 (7 PTS),20 - 16,-4,20,16,0
0022400097,136,1,1,1,4:08 PM,2:26,,,Maxey 3PT Jump Shot (4 PTS) (Yabusele 1 AST),23 - 16,-7,23,16,0
0022400097,146,3,11,1,4:09 PM,2:06,Toppin Free Throw 1 of 2 (4 PTS),,,23 - 17,-6,23,17,0
0022400097,151,3,12,1,4:09 PM,2:06,Toppin Free Throw 2 of 2 (5 PTS),,,23 - 18,-5,23,18,0
0022400097,155,1,1,1,4:10 PM,1:34,Nesmith 26' 3PT Jump Shot (3 PTS) (Siakam 3 AST),,,23 - 21,-2,23,21,0
0022400097,166,1,78,1,4:11 PM,0:51,,,K. Martin 8' Floating Jump Shot (2 PTS),25 - 21,-4,25,21,0
0022400097,170,1,75,1,4:11 PM,0:30,,,C. Martin 2' Driving Finger Roll Layup (6 PTS),27 - 21,-6,27,21,0
0022400097,181,3,12,1,4:13 PM,0:07,,,K. Martin Free Throw 2 of 2 (3 PTS),28 - 21,-7,28,21,0
0022400097,182,1,101,1,4:13 PM,0:00,McConnell 6' Driving Floating Jump Shot (2 PTS),,,28 - 23,-5,28,23,0
0022400097,183,18,0,1,4:13 PM,0:00,,Instant Replay1st Period (4:13 PM EST),,28 - 23,-5,28,23,0
0022400097,184,13,0,1,4:13 PM,0:00,,End of 1st Period (4:13 PM EST),,28 - 23,-5,28,23,0
0022400097,189,12,0,2,4:16 PM,12:00,,Start of 2nd Period (4:16 PM EST),,28 - 23,-5,28,23,0
0022400097,194,1,63,2,4:17 PM,11:27,McConnell 9' Fadeaway Jumper (4 PTS),,,28 - 25,-3,28,25,0
0022400097,195,1,108,2,4:17 PM,11:04,,,K. Martin 2' Cutting Dunk Shot (5 PTS) (Yabusele 2 AST),30 - 25,-5,30,25,0
0022400097,197,1,1,2,4:17 PM,10:54,Toppin 25' 3PT Jump Shot (8 PTS) (Mathurin 1 AST),,,30 - 28,-2,30,28,0
0022400097,201,1,72,2,4:18 PM,10:37,,,McCain Putback Layup (2 PTS),32 - 28,-4,32,28,0
0022400097,208,1,76,2,4:19 PM,10:01,,,McCain 2' Running Finger Roll Layup (4 PTS),34 - 28,-6,34,28,0
0022400097,210,1,101,2,4:19 PM,9:44,Walker 6' Driving Floating Jump Shot (2 PTS) (McConnell 2 AST),,,34 - 30,-4,34,30,0
0022400097,214,3,10,2,4:19 PM,9:44,Walker Free Throw 1 of 1 (3 PTS),,,34 - 31,-3,34,31,0
0022400097,234,3,12,2,4:23 PM,8:49,Siakam Free Throw 2 of 2 (3 PTS),,,34 - 32,-2,34,32,0
0022400097,237,3,11,2,4:23 PM,8:38,,,C. Martin Free Throw 1 of 2 (7 PTS),35 - 32,-3,35,32,0
0022400097,238,3,12,2,4:24 PM,8:38,,,C. Martin Free Throw 2 of 2 (8 PTS),36 - 32,-4,36,32,0
0022400097,239,1,98,2,4:24 PM,8:20,McConnell 3' Cutting Layup Shot (6 PTS) (Siakam 4 AST),,,36 - 34,-2,36,34,0
0022400097,251,3,12,2,4:25 PM,7:47,Turner Free Throw 2 of 2 (3 PTS),,,36 - 35,-1,36,35,0
0022400097,267,3,12,2,4:30 PM,7:14,,,C. Martin Free Throw 2 of 2 (9 PTS),37 - 35,-2,37,35,0
0022400097,268,1,6,2,4:30 PM,7:02,Haliburton 2' Driving Layup (6 PTS) (Turner 2 AST),,,37 - 37,TIE,37,37,0
0022400097,270,1,6,2,4:31 PM,6:39,,,Gordon 5' Driving Layup (9 PTS),39 - 37,-2,39,37,0
0022400097,282,1,2,2,4:32 PM,6:05,,,Gordon 31' 3PT Running Jump Shot (12 PTS) (Maxey 3 AST),42 - 37,-5,42,37,0
0022400097,289,1,79,2,4:35 PM,5:47,Nembhard 17' Pullup Jump Shot (5 PTS) (Haliburton 1 AST),,,42 - 39,-3,42,39,0
0022400097,291,1,1,2,4:36 PM,5:27,Turner 26' 3PT Jump Shot (6 PTS) (Nembhard 1 AST),,,42 - 42,TIE,42,42,0
0022400097,298,1,58,2,4:37 PM,4:33,,,Maxey 8' Turnaround Hook Shot (6 PTS),44 - 42,-2,44,42,0
0022400097,301,3,11,2,4:37 PM,4:23,Toppin Free Throw 1 of 2 (9 PTS),,,44 - 43,-1,44,43,0
0022400097,312,3,11,2,4:39 PM,3:52,,,Maxey Free Throw 1 of 2 (7 PTS),45 - 43,-2,45,43,0
0022400097,317,1,1,2,4:40 PM,3:36,Sheppard 3PT Jump Shot (3 PTS) (Nembhard 2 AST),,,45 - 46,1,45,46,0
0022400097,323,1,1,2,4:42 PM,3:00,Siakam 27' 3PT Jump Shot (6 PTS) (Nembhard 3 AST),,,45 - 49,4,45,49,0
0022400097,328,3,11,2,4:43 PM,2:33,Haliburton Free Throw 1 of 2 (7 PTS),,,45 - 50,5,45,50,0
0022400097,329,3,12,2,4:43 PM,2:33,Haliburton Free Throw 2 of 2 (8 PTS),,,45 - 51,6,45,51,0
0022400097,330,1,101,2,4:44 PM,2:16,,,Oubre Jr. 6' Driving Floating Jump Shot (5 PTS) (McCain 1 AST),47 - 51,4,47,51,0
0022400097,332,1,101,2,4:44 PM,2:02,Haliburton 9' Driving Floating Jump Shot (10 PTS) (Sheppard 1 AST),,,47 - 53,6,47,53,0
0022400097,348,1,41,2,4:45 PM,1:12,Siakam 2' Running Layup (8 PTS) (Sheppard 2 AST),,,47 - 55,8,47,55,0
0022400097,352,1,72,2,4:46 PM,1:01,,,Oubre Jr. 1' Putback Layup (7 PTS),49 - 55,6,49,55,0
0022400097,353,1,1,2,4:46 PM,0:53,Turner 28' 3PT Jump Shot (9 PTS) (Nembhard 4 AST),,,49 - 58,9,49,58,0
0022400097,357,1,1,2,4:46 PM,0:24,,,Lowry 27' 3PT Jump Shot (6 PTS) (Yabusele 3 AST),52 - 58,6,52,58,0
0022400097,363,13,0,2,4:47 PM,0:00,,End of 2nd Period (4:47 PM EST),,52 - 58,6,52,58,0
0022400097,368,12,0,3,5:02 PM,12:00,,Start of 3rd Period (5:02 PM EST),,52 - 58,6,52,58,0
0022400097,373,1,79,3,5:03 PM,11:26,Haliburton 25' 3PT Pullup Jump Shot (13 PTS) (Nembhard 5 AST),,,52 - 61,9,52,61,0
0022400097,374,1,7,3,5:03 PM,11:03,,,Drummond 2' Dunk (4 PTS) (Lowry 1 AST),54 - 61,7,54,61,0
0022400097,378,3,10,3,5:04 PM,11:03,,,Drummond Free Throw 1 of 1 (5 PTS),55 - 61,6,55,61,0
0022400097,389,3,12,3,5:05 PM,10:34,,,C. Martin Free Throw 2 of 2 (10 PTS),56 - 61,5,56,61,0
0022400097,390,1,6,3,5:05 PM,10:26,Siakam 5' Driving Layup (10 PTS) (Haliburton 2 AST),,,56 - 63,7,56,63,0
0022400097,394,1,97,3,5:05 PM,10:08,,,Drummond Tip Layup Shot (7 PTS),58 - 63,5,58,63,0
0022400097,397,1,2,3,5:06 PM,9:56,,,C. Martin 26' 3PT Running Jump Shot (13 PTS) (Lowry 2 AST),61 - 63,2,61,63,0
0022400097,403,1,5,3,5:06 PM,9:20,Siakam 2' Layup (12 PTS) (Nembhard 6 AST),,,61 - 65,4,61,65,0
0022400097,425,1,2,3,5:09 PM,7:30,Haliburton 26' 3PT Running Jump Shot (16 PTS) (Nembhard 7 AST),,,61 - 68,7,61,68,0
0022400097,434,3,11,3,5:13 PM,7:11,,,Maxey Free Throw 1 of 2 (8 PTS),62 - 68,6,62,68,0
0022400097,444,3,11,3,5:15 PM,6:18,,,Maxey Free Throw 1 of 2 (9 PTS),63 - 68,5,63,68,0
0022400097,451,3,12,3,5:15 PM,6:18,,,Maxey Free Throw 2 of 2 (10 PTS),64 - 68,4,64,68,0
0022400097,458,1,58,3,5:16 PM,5:34,,,Oubre Jr. 9' Turnaround Hook Shot (9 PTS),66 - 68,2,66,68,0
0022400097,460,1,75,3,5:16 PM,5:20,,,Maxey 4' Driving Finger Roll Layup (12 PTS),68 - 68,TIE,68,68,0
0022400097,466,1,107,3,5:20 PM,4:53,,,Drummond Tip Dunk Shot (9 PTS),70 - 68,-2,70,68,0
0022400097,469,3,11,3,5:20 PM,4:46,Turner Free Throw 1 of 2 (10 PTS),,,70 - 69,-1,70,69,0
0022400097,472,1,101,3,5:21 PM,4:33,,,Maxey 4' Driving Floating Jump Shot (14 PTS),72 - 69,-3,72,69,0
0022400097,475,1,79,3,5:21 PM,4:13,,,Maxey 25' 3PT Pullup Jump Shot (17 PTS),75 - 69,-6,75,69,0
0022400097,486,1,6,3,5:24 PM,3:25,,,Maxey 5' Driving Layup (19 PTS),77 - 69,-8,77,69,0
0022400097,487,1,6,3,5:24 PM,3:05,McConnell 3' Driving Layup (8 PTS) (Toppin 1 AST),,,77 - 71,-6,77,71,0
0022400097,490,1,9,3,5:25 PM,2:48,Toppin 1' Driving Dunk (11 PTS),,,77 - 73,-4,77,73,0
0022400097,501,1,6,3,5:25 PM,2:20,Mathurin 2' Driving Layup (2 PTS),,,77 - 75,-2,77,75,0
0022400097,517,1,6,3,5:27 PM,1:26,McConnell 3' Driving Layup (10 PTS) (Mathurin 2 AST),,,77 - 77,TIE,77,77,0
0022400097,523,3,12,3,5:28 PM,0:53,Mathurin Free Throw 2 of 2 (3 PTS),,,77 - 78,1,77,78,0
0022400097,529,1,101,3,5:30 PM,0:02,,,Maxey 10' Driving Floating Jump Shot (21 PTS),79 - 78,-1,79,78,0
0022400097,532,13,0,3,5:30 PM,0:00,,End of 3rd Period (5:30 PM EST),,79 - 78,-1,79,78,0
0022400097,540,12,0,4,5:33 PM,12:00,,Start of 4th Period (5:33 PM EST),,79 - 78,-1,79,78,0
0022400097,543,1,80,4,5:33 PM,11:28,,,Maxey 12' Step Back Jump Shot (23 PTS),81 - 78,-3,81,78,0
0022400097,546,3,11,4,5:34 PM,11:13,Toppin Free Throw 1 of 2 (12 PTS),,,81 - 79,-2,81,79,0
0022400097,547,3,12,4,5:34 PM,11:13,Toppin Free Throw 2 of 2 (13 PTS),,,81 - 80,-1,81,80,0
0022400097,550,1,2,4,5:34 PM,10:53,Siakam 25' 3PT Running Jump Shot (15 PTS) (McConnell 3 AST),,,81 - 83,2,81,83,0
0022400097,558,1,80,4,5:36 PM,10:04,,,Maxey 27' 3PT Step Back Jump Shot (26 PTS),84 - 83,-1,84,83,0
0022400097,559,1,5,4,5:36 PM,9:47,Siakam 7' Layup (17 PTS),,,84 - 85,1,84,85,0
0022400097,566,3,12,4,5:37 PM,9:28,,,Gordon Free Throw 2 of 2 (13 PTS),85 - 85,TIE,85,85,0
0022400097,569,1,1,4,5:38 PM,9:00,Sheppard 24' 3PT Jump Shot (6 PTS) (McConnell 4 AST),,,85 - 88,3,85,88,0
0022400097,571,1,1,4,5:38 PM,8:44,,,K. Martin 25' 3PT Jump Shot (8 PTS) (Yabusele 4 AST),88 - 88,TIE,88,88,0
0022400097,573,1,9,4,5:38 PM,8:27,Toppin 1' Driving Dunk (15 PTS) (Siakam 5 AST),,,88 - 90,2,88,90,0
0022400097,577,1,1,4,5:39 PM,8:00,,,Maxey 25' 3PT Jump Shot (29 PTS) (C. Martin 1 AST),91 - 90,-1,91,90,0
0022400097,581,1,72,4,5:39 PM,7:31,Mathurin 2' Putback Layup (5 PTS),,,91 - 92,1,91,92,0
0022400097,599,1,6,4,5:43 PM,6:55,,,Oubre Jr. 3' Driving Layup (11 PTS),93 - 92,-1,93,92,0
0022400097,611,3,11,4,5:45 PM,5:49,Nembhard Free Throw 1 of 2 (6 PTS),,,93 - 93,TIE,93,93,0
0022400097,612,3,12,4,5:45 PM,5:49,Nembhard Free Throw 2 of 2 (7 PTS),,,93 - 94,1,93,94,0
0022400097,613,1,6,4,5:46 PM,5:35,,,C. Martin 4' Driving Layup (15 PTS),95 - 94,-1,95,94,0
0022400097,629,3,12,4,5:48 PM,4:45,Turner Free Throw 2 of 2 (11 PTS),,,95 - 95,TIE,95,95,0
0022400097,635,1,86,4,5:52 PM,3:50,,,Maxey 10' Turnaround Fadeaway (31 PTS),97 - 95,-2,97,95,0
0022400097,641,1,9,4,5:53 PM,3:02,Nesmith 1' Driving Dunk (5 PTS) (Siakam 6 AST),,,97 - 97,TIE,97,97,0
0022400097,645,3,10,4,5:54 PM,3:02,Nesmith Free Throw 1 of 1 (6 PTS),,,97 - 98,1,97,98,0
0022400097,653,18,5,4,5:57 PM,2:26,,Instant Replay4th Period (5:57 PM EST),,97 - 98,1,97,98,0
0022400097,656,3,11,4,5:58 PM,2:26,Nesmith Free Throw 1 of 2 (7 PTS),,,97 - 99,2,97,99,0
0022400097,657,3,12,4,5:59 PM,2:26,Nesmith Free Throw 2 of 2 (8 PTS),,,97 - 100,3,97,100,0
0022400097,661,18,5,4,5:59 PM,2:09,,Instant Replay4th Period (5:59 PM EST),,97 - 100,3,97,100,0
0022400097,668,18,0,4,6:04 PM,1:43,,Instant Replay4th Period (6:04 PM EST),,97 - 100,3,97,100,0
0022400097,674,1,83,4,6:07 PM,1:33,Nembhard 11' Fadeaway Bank Shot (9 PTS),,,97 - 102,5,97,102,0
0022400097,675,1,79,4,6:08 PM,1:13,,,Oubre Jr. 10' Pullup Jump Shot (13 PTS) (Maxey 4 AST),99 - 102,3,99,102,0
0022400097,681,3,11,4,6:09 PM,0:47,,,Maxey Free Throw 1 of 2 (32 PTS),100 - 102,2,100,102,0
0022400097,682,3,12,4,6:09 PM,0:47,,,Maxey Free Throw 2 of 2 (33 PTS),101 - 102,1,101,102,0
0022400097,685,1,41,4,6:09 PM,0:32,,,C. Martin 5' Running Layup (17 PTS),103 - 102,-1,103,102,0
0022400097,699,3,11,4,6:14 PM,0:11,,,Maxey Free Throw 1 of 2 (34 PTS),104 - 102,-2,104,102,0
0022400097,704,3,12,4,6:14 PM,0:11,,,Maxey Free Throw 2 of 2 (35 PTS),105 - 102,-3,105,102,0
0022400097,705,1,80,4,6:14 PM,0:03,Haliburton 24' 3PT Step Back Jump Shot (19 PTS),,,105 - 105,TIE,105,105,0
0022400097,709,13,0,4,6:14 PM,0:00,,End of 4th Period (6:14 PM EST),,105 - 105,TIE,105,105,0
0022400097,710,12,0,5,6:17 PM,5:00,,Start of 1st OT (6:17 PM EST),,105 - 105,TIE,105,105,0
0022400097,721,1,80,5,6:18 PM,4:16,,,Maxey 30' 3PT Step Back Jump Shot (38 PTS),108 - 105,-3,108,105,0
0022400097,722,1,1,5,6:18 PM,3:53,Turner 16' Jump Shot (13 PTS) (Nembhard 8 AST),,,108 - 107,-1,108,107,0
0022400097,724,1,6,5,6:19 PM,3:31,,,Gordon 3' Driving Layup (15 PTS),110 - 107,-3,110,107,0
0022400097,725,1,79,5,6:19 PM,3:21,Haliburton 27' 3PT Pullup Jump Shot (22 PTS),,,110 - 110,TIE,110,110,0
0022400097,737,1,6,5,6:21 PM,1:53,,,Maxey 6' Driving Layup (40 PTS),112 - 110,-2,112,110,0
0022400097,740,3,11,5,6:22 PM,1:36,Turner Free Throw 1 of 2 (14 PTS),,,112 - 111,-1,112,111,0
0022400097,749,1,75,5,6:24 PM,0:20,,,Maxey 3' Driving Finger Roll Layup (42 PTS),114 - 111,-3,114,111,0
0022400097,751,18,1,5,6:24 PM,0:20,,Instant Replay1st OT (6:24 PM EST),,114 - 111,-3,114,111,0
0022400097,759,18,5,5,6:27 PM,0:16,,Instant Replay1st OT (6:27 PM EST),,114 - 111,-3,114,111,0
0022400097,764,3,12,5,6:30 PM,0:16,Nembhard Free Throw 2 of 2 (10 PTS),,,114 - 112,-2,114,112,0
0022400097,779,3,12,5,6:32 PM,0:14,,,Oubre Jr. Free Throw 2 of 2 (14 PTS),115 - 112,-3,115,112,0
0022400097,782,3,11,5,6:33 PM,0:13,Nesmith Free Throw 1 of 2 (9 PTS),,,115 - 113,-2,115,113,0
0022400097,785,3,12,5,6:34 PM,0:13,Nesmith Free Throw 2 of 2 (10 PTS),,,115 - 114,-1,115,114,0
0022400097,794,3,12,5,6:35 PM,0:09,,,Maxey Free Throw 2 of 2 (43 PTS),116 - 114,-2,116,114,0
0022400097,803,3,11,5,6:36 PM,0:02,,,Maxey Free Throw 1 of 2 (44 PTS),117 - 114,-3,117,114,0
0022400097,806,3,12,5,6:37 PM,0:02,,,Maxey Free Throw 2 of 2 (45 PTS),118 - 114,-4,118,114,0
0022400097,807,13,0,5,6:37 PM,0:00,,End of 1st OT (6:37 PM EST),,118 - 114,-4,118,114,0
